OvertimeID,EmpID,WorkDate,OvertimeHour
1,1,2022-03-14,1
2,1,2023-04-05,4
3,1,2023-05-08,4
4,1,2023-05-22,2
5,1,2023-12-26,2
6,1,2022-12-09,3
7,1,2022-09-11,2
8,1,2022-08-20,2
9,1,2023-07-05,3
10,1,2023-06-19,2
11,1,2022-09-07,1
12,1,2023-07-09,4
13,1,2022-09-09,1
14,1,2023-06-14,1
15,1,2022-12-24,4
16,1,2022-06-10,2
17,1,2022-07-09,2
18,1,2022-04-21,2
19,2,2023-01-08,1
20,2,2022-05-31,4
21,2,2023-02-11,4
22,2,2023-05-10,2
23,2,2022-03-29,1
24,2,2022-07-25,1
25,2,2023-11-06,4
26,2,2023-09-26,3
27,2,2022-07-13,2
28,2,2022-11-06,2
29,2,2022-06-11,3
30,2,2023-11-26,3
31,2,2023-10-17,3
32,2,2022-10-24,3
33,2,2022-03-26,4
34,2,2022-08-04,3
35,2,2022-11-08,3
36,2,2024-01-14,1
37,2,2022-12-30,4
38,2,2022-07-05,1
39,3,2023-07-26,3
40,3,2023-09-20,3
41,3,2022-07-21,3
42,3,2023-07-07,2
43,3,2023-05-21,1
44,3,2023-01-26,1
45,3,2023-11-26,1
46,3,2023-11-28,2
47,3,2022-05-24,1
48,3,2022-09-17,4
49,3,2023-07-28,4
50,3,2022-12-15,4
51,4,2023-09-19,3
52,4,2024-01-06,3
53,4,2022-03-13,1
54,4,2024-02-11,1
55,4,2022-05-10,1
56,4,2023-01-12,2
57,4,2022-07-03,3
58,4,2022-03-22,4
59,4,2023-11-27,2
60,4,2023-03-29,4
61,4,2022-12-26,2
62,4,2022-03-15,4
63,4,2023-03-27,1
64,4,2022-06-05,2
65,5,2022-08-01,1
66,5,2022-06-27,2
67,5,2023-12-22,3
68,5,2023-09-27,3
69,5,2022-04-27,1
70,5,2023-04-30,4
71,5,2023-11-02,1
72,5,2023-08-15,2
73,5,2023-07-23,4
74,5,2023-01-19,4
75,5,2023-10-30,1
76,5,2022-12-03,1
77,5,2022-12-29,4
78,5,2023-10-13,3
79,5,2022-04-28,2
80,6,2024-02-06,3
81,6,2023-09-12,4
82,6,2023-12-27,4
83,6,2023-12-20,1
84,6,2023-03-22,3
85,6,2022-10-19,4
86,6,2023-09-30,1
87,6,2024-01-28,4
88,6,2023-03-30,3
89,6,2023-02-17,1
90,6,2022-11-16,3
91,6,2023-10-06,2
92,6,2022-11-03,2
93,6,2022-07-30,2
94,6,2022-11-30,1
95,6,2023-07-22,1
96,6,2022-12-23,4
97,7,2022-09-23,4
98,7,2023-05-05,1
99,7,2023-09-11,2
100,7,2023-03-07,2
101,7,2022-06-17,4
102,7,2022-05-16,2
103,7,2023-06-16,4
104,7,2022-05-21,1
105,7,2023-09-05,3
106,7,2023-04-03,4
107,7,2023-08-06,3
108,7,2023-03-31,4
109,7,2024-02-11,2
110,7,2023-07-26,3
111,7,2022-10-03,1
112,7,2023-01-21,3
113,7,2022-12-19,4
114,7,2023-08-24,2
115,7,2022-04-05,1
116,8,2024-01-14,3
117,8,2022-09-14,1
118,8,2023-01-14,4
119,8,2022-07-11,1
120,8,2023-01-05,3
121,8,2023-01-23,3
122,8,2022-03-02,4
123,8,2023-10-11,1
124,8,2023-02-23,4
125,8,2023-03-22,3
126,8,2023-12-20,3
127,8,2023-09-03,4
128,8,2023-06-09,4
129,8,2022-12-18,4
130,8,2024-01-05,2
131,9,2022-12-13,1
132,9,2022-07-26,1
133,9,2023-11-23,1
134,9,2023-06-29,4
135,9,2023-05-18,3
136,9,2023-12-26,4
137,9,2023-06-08,4
138,9,2022-05-24,3
139,9,2022-11-28,2
140,9,2023-06-20,2
141,9,2022-12-07,4
142,9,2023-11-27,1
143,9,2023-12-17,3
144,9,2023-11-09,3
145,9,2023-02-04,1
146,9,2023-06-30,4
147,9,2022-08-24,3
148,9,2022-08-01,4
149,10,2022-05-29,3
150,10,2023-08-17,3
151,10,2022-03-06,2
152,10,2023-07-14,2
153,10,2023-03-22,3
154,10,2022-03-25,1
155,10,2023-11-08,2
156,10,2022-09-11,4
157,10,2022-03-04,1
158,10,2022-12-31,4
159,10,2023-06-27,4
160,11,2024-02-22,3
161,11,2023-03-11,1
162,11,2022-04-10,2
163,11,2022-09-14,3
164,11,2023-03-07,3
165,11,2022-05-08,1
166,11,2023-03-01,2
167,11,2023-08-28,3
168,11,2022-03-08,2
169,11,2023-09-07,1
170,11,2024-01-10,3
171,11,2023-10-19,2
172,11,2023-04-30,4
173,11,2022-06-12,3
174,11,2023-12-11,4
175,11,2023-02-16,3
176,12,2023-06-01,1
177,12,2023-01-12,2
178,12,2022-05-15,1
179,12,2023-03-29,2
180,12,2022-10-12,4
181,12,2023-03-28,4
182,12,2024-01-01,1
183,12,2022-07-02,3
184,12,2023-12-28,4
185,12,2023-09-28,2
186,12,2022-04-05,4
187,12,2023-02-17,4
188,12,2023-02-25,1
189,12,2022-12-27,3
190,12,2023-09-25,4
191,13,2022-06-06,2
192,13,2022-08-24,2
193,13,2022-10-14,4
194,13,2023-10-12,4
195,13,2023-05-01,4
196,13,2024-01-22,4
197,13,2022-12-29,1
198,13,2022-04-07,3
199,13,2022-10-23,3
200,13,2022-08-23,2
201,14,2023-11-16,2
202,14,2022-09-11,4
203,14,2022-07-23,1
204,14,2022-11-04,4
205,14,2022-03-24,2
206,14,2022-05-06,2
207,14,2022-12-27,2
208,14,2022-05-26,3
209,14,2023-08-26,4
210,14,2023-05-06,3
211,14,2023-09-01,3
212,14,2022-09-29,1
213,14,2023-11-18,3
214,14,2023-10-27,1
215,14,2023-07-07,2
216,14,2023-05-03,3
217,14,2023-11-10,2
218,14,2023-05-15,3
219,15,2022-06-14,1
220,15,2023-08-31,1
221,15,2023-01-08,4
222,15,2022-11-02,3
223,15,2023-11-16,4
224,15,2022-07-15,2
225,15,2023-04-21,2
226,15,2023-12-21,4
227,15,2022-12-05,1
228,15,2024-01-29,2
229,15,2024-02-09,2
